feature,importance
days_reported,0.3570979356484474
week_of_year,0.21688475526669918
year,0.18715305038843438
month,0.0439043523158307
aqi_mean_rolling_3,0.03838133970004457
aqi_max_lag2,0.026715277102430907
aqi_max_lag1,0.020381416632343774
aqi_max,0.02019570862028003
aqi_mean_lag2,0.017696166986636477
aqi_mean_lag1,0.016111096501898264
aqi_mean,0.014132658360840548
aqi_p90_lag1,0.013483018475883566
aqi_p90_lag2,0.012600167798823008
aqi_p90,0.01182946937619813
quarter,0.003433586825209232
